{"cameraMode":{"drawMode":0,"name":"Shaded","section":"Shading Mode"},"sceneLighting":true,"audioPlay":false,"sceneViewState":{"showFog":false,"showMaterialUpdate":false,"showSkybox":false,"showFlares":false,"showImageEffects":false,"showParticleSystems":false},"in2DMode":false,"pivot":{"x":2.4842844009399416,"y":1.0830259323120118,"z":0.4532966613769531},"rotation":{"x":0.23800289630889893,"y":0.002908742520958185,"z":-0.0007129502482712269,"w":0.9712598323822022},"size":8.276559829711914,"orthographic":false}