{"cameraMode":{"drawMode":0,"name":"Shaded","section":"Shading Mode"},"sceneLighting":true,"audioPlay":false,"sceneViewState":{"showFog":false,"showMaterialUpdate":false,"showSkybox":false,"showFlares":false,"showImageEffects":false,"showParticleSystems":false},"in2DMode":false,"pivot":{"x":19.640661239624025,"y":31.554122924804689,"z":-18.74166488647461},"rotation":{"x":0.025697827339172365,"y":0.9699798822402954,"z":0.11813119798898697,"w":-0.21100613474845887},"size":68.48417663574219,"orthographic":false}